title,price,rating,reviews,availability
"Apple MacBook Air Laptop: Apple M1 chip, 13.3-inch/33.74 cm Retina Display, 8GB RAM, 256GB SSD Storage, Backlit Keyboard, FaceTime HD Camera, Touch ID. Works with iPhone/iPad; Space Grey","56,990.",4.6 out of 5 stars,"4,607 ratings",In stock
"Apple 2024 MacBook Pro Laptop with M4 chip with 10‑core CPU and 10‑core GPU: Built for Apple Intelligence, (14.2″) Liquid Retina XDR Display, 16GB Unified Memory, 512GB SSD Storage; Space Black","1,69,900.",5.0 out of 5 stars,1 rating,In stock
"Apple 2024 MacBook Air (13-inch, Apple M3 chip with 8‑core CPU and 8‑core GPU, 16GB Unified Memory, 256GB) - Midnight","1,14,900.",Previous page,,In stock
"Apple 2024 MacBook Pro Laptop with M4 Max chip with 14‑core CPU and 32‑core GPU: Built for Apple Intelligence, (14.2″) Liquid Retina XDR Display, 36GB Unified Memory, 1TB SSD Storage; Space Black","3,19,900.",Previous page,,In stock
"Apple 2024 MacBook Air 15″ Laptop with M3 chip: 38.91 cm (15.3″) Liquid Retina Display, 16GB Unified Memory, 256GB SSD Storage, Backlit Keyboard, 1080p FaceTime HD Camera, Touch ID- Space Grey","1,34,900.",Previous page,,In stock
"2022 Apple MacBook Air Laptop with M2 chip: 13.6-inch Liquid Retina Display, 16GB RAM, 256GB SSD Storage, Backlit Keyboard, 1080p FaceTime HD Camera. Works with iPhone and iPad; Midnight","99,900.",4.0 out of 5 stars,1 rating,In stock
"Apple 2024 MacBook Air 15″ Laptop with M3 chip: 38.91 cm (15.3″) Liquid Retina Display, 16GB Unified Memory, 512GB SSD Storage, Backlit Keyboard, 1080p FaceTime HD Camera, Touch ID- Midnight","1,54,900.",4.4 out of 5 stars,35 ratings,Only 2 left in stock.
"Apple 2023 MacBook Pro (16-inch, Apple M3 Max chip with 16‑core CPU and 40‑core GPU, 48GB Unified Memory, 1TB) - Space Black","3,69,900.",3.8 out of 5 stars,13 ratings,In stock
"Apple 2024 MacBook Air 15″ Laptop with M3 chip: 38.91 cm (15.3″) Liquid Retina Display, 16GB Unified Memory, 256GB SSD Storage, Backlit Keyboard, 1080p FaceTime HD Camera, Touch ID- Starlight","1,34,900.",Previous page,,In stock
"Apple 2024 MacBook Pro Laptop with M4 Pro chip with 12‑core CPU and 16‑core GPU: Built for Apple Intelligence, (14.2″) Liquid Retina XDR Display, 24GB Unified Memory, 512GB SSD Storage; Space Black","1,99,900.",5.0 out of 5 stars,2 ratings,In stock
"2022 Apple MacBook Air Laptop with M2 chip: 13.6-inch Liquid Retina Display, 16GB RAM, 256GB SSD Storage, Backlit Keyboard, 1080p FaceTime HD Camera. Works with iPhone and iPad; Space Gray","99,900.",Previous page,,In stock
"Apple 2024 MacBook Pro Laptop with M4 Pro chip with 10‑core CPU and 16‑core GPU: Built for Apple Intelligence, (14.2″) Liquid Retina XDR Display, 24GB Unified Memory, 512GB SSD Storage; Silver","1,99,900.",5.0 out of 5 stars,1 rating,In stock
"Apple 2023 MacBook Pro (16-inch, Apple M3 Max chip with 16‑core CPU and 40‑core GPU, 48GB Unified Memory, 1TB) - Silver","3,69,900.",3.5 out of 5 stars,9 ratings,In stock
"Apple 2024 MacBook Air 15″ Laptop with M3 chip: 38.91 cm (15.3″) Liquid Retina Display, 16GB Unified Memory, 512GB SSD Storage, Backlit Keyboard, 1080p FaceTime HD Camera, Touch ID- Silver","1,54,900.",4.4 out of 5 stars,35 ratings,In stock
"Apple 2024 MacBook Air (13-inch, Apple M3 chip with 8‑core CPU and 8‑core GPU, 16GB Unified Memory, 256GB) - Starlight","1,14,900.",Previous page,,In stock
"Apple 2024 MacBook Air 13″ Laptop with M3 chip: 34.46 cm (13.6″) Liquid Retina Display, 16GB Unified Memory, 512GB SSD Storage, Backlit Keyboard, 1080p FaceTime HD Camera, Touch ID- Silver","1,34,900.",4.5 out of 5 stars,95 ratings,Only 2 left in stock.
"Apple 2023 MacBook Pro (16-inch, Apple M3 Max chip with 14‑core CPU and 30‑core GPU, 36GB Unified Memory, 1TB) - Space Black","3,19,900.",3.5 out of 5 stars,9 ratings,In stock
"Apple 2024 MacBook Pro Laptop with M4 Pro chip with 14‑core CPU and 20‑core GPU: Built for Apple Intelligence, (14.2″) Liquid Retina XDR Display, 24GB Unified Memory, 1TB SSD Storage; Silver","2,39,900.",Previous page,,Only 2 left in stock.
"Apple 2024 MacBook Pro Laptop with M4 Pro chip with 14‑core CPU and 20‑core GPU: Built for Apple Intelligence, (16.2″) Liquid Retina XDR Display, 24GB Unified Memory, 512GB SSD Storage; Space Black","2,49,900.",Previous page,,In stock
"Apple 2024 MacBook Pro Laptop with M4 chip with 10‑core CPU and 10‑core GPU: Built for Apple Intelligence, 35.97 cm (14.2″) Liquid Retina XDR Display 16GB Unified Memory, 1TB SSD Storage; Space Black","1,89,900.",Previous page,,In stock
"2022 Apple MacBook Air Laptop with M2 chip: 13.6-inch Liquid Retina Display, 16GB RAM, 256GB SSD Storage, Backlit Keyboard, 1080p FaceTime HD Camera. Works with iPhone and iPad; Starlight","99,900.",Previous page,,In stock
"2022 Apple MacBook Air Laptop with M2 chip: 13.6-inch Liquid Retina Display, 16GB RAM, 256GB SSD Storage, Backlit Keyboard, 1080p FaceTime HD Camera. Works with iPhone and iPad; Silver","99,900.",Previous page,,In stock
"Apple 2023 MacBook Pro (16-inch, Apple M3 Max chip with 14‑core CPU and 30‑core GPU, 36GB Unified Memory, 1TB) - Silver","3,19,900.",4.3 out of 5 stars,3 ratings,Only 1 left in stock.
"Apple 2023 MacBook Pro (16-inch, Apple M3 Pro chip with 12‑core CPU and 18‑core GPU, 36GB Unified Memory, 512GB) - Silver","2,59,900.",3.5 out of 5 stars,9 ratings,In stock
"Apple 2023 MacBook Pro (16-inch, Apple M3 Pro chip with 12‑core CPU and 18‑core GPU, 18GB Unified Memory, 512GB) - Space Black","2,19,900.",3.5 out of 5 stars,9 ratings,Only 1 left in stock.
"Apple 2024 MacBook Air 15″ Laptop with M3 chip: 38.91 cm (15.3″) Liquid Retina Display, 24GB Unified Memory, 512GB SSD Storage, Backlit Keyboard, 1080p FaceTime HD Camera, Touch ID- Midnight","1,74,900.",Previous page,,In stock
"Apple 2024 MacBook Air 15″ Laptop with M3 chip: 38.91 cm (15.3″) Liquid Retina Display, 24GB Unified Memory, 512GB SSD Storage, Backlit Keyboard, 1080p FaceTime HD Camera, Touch ID- Starlight","1,74,900.",Previous page,,In stock
"Apple 2024 MacBook Air 15″ Laptop with M3 chip: 38.91 cm (15.3″) Liquid Retina Display, 16GB Unified Memory, 256GB SSD Storage, Backlit Keyboard, 1080p FaceTime HD Camera, Touch ID- Silver","1,34,900.",Previous page,,In stock
"Apple 2024 MacBook Pro Laptop with M4 chip with 10‑core CPU and 10‑core GPU: Built for Apple Intelligence, 35.97 cm (14.2″) Liquid Retina XDR Display, 16GB Unified Memory, 512GB SSD Storage; Silver","1,69,900.",Previous page,,In stock
Apple 30W USB-C Power Adapter ​​​​​​​,"3,800.",4.1 out of 5 stars,25 ratings,In stock
"Apple 2024 MacBook Pro Laptop with M4 chip with 10‑core CPU and 10‑core GPU: Built for Apple Intelligence, (14.2″) Liquid Retina XDR Display, 14GB Unified Memory, 1TB SSD Storage; Space Black","2,09,900.",Previous page,,In stock
"Apple 2023 MacBook Pro (14-inch, Apple M3 chip with 8‑core CPU and 10‑core GPU, 8GB Unified Memory, 1TB) - Space Grey","1,59,900.",2.0 out of 5 stars,6 ratings,Only 1 left in stock.
"Apple 2024 MacBook Pro Laptop with M4 chip with 10‑core CPU and 10‑core GPU: Built for Apple Intelligence, 35.97 cm (14.2″) Liquid Retina XDR Display, 16GB Unified Memory, 1TB SSD Storage; Silver","1,89,900.",Previous page,,In stock
"Apple 2024 MacBook Air (13-inch, Apple M3 chip with 8‑core CPU and 8‑core GPU, 16GB Unified Memory, 256GB) - Silver","1,14,900.",Previous page,,In stock
"Apple 2024 MacBook Air (13-inch, Apple M3 chip with 8‑core CPU and 10‑core GPU, 24GB Unified Memory, 512GB) - Midnight","1,54,900.",Previous page,,In stock
"Apple 2023 MacBook Pro (14-inch, Apple M3 Max chip with 14‑core CPU and 30‑core GPU, 36GB Unified Memory, 1TB) - Silver","2,89,900.",4.2 out of 5 stars,14 ratings,Only 2 left in stock.
"Apple 2024 MacBook Air 15″ Laptop with M3 chip: 38.91 cm (15.3″) Liquid Retina Display, 24GB Unified Memory, 512GB SSD Storage, Backlit Keyboard, 1080p FaceTime HD Camera, Touch ID- Silver","1,74,900.",Previous page,,In stock
"Apple 2024 MacBook Air 15″ Laptop with M3 chip: 38.91 cm (15.3″) Liquid Retina Display, 24GB Unified Memory, 512GB SSD Storage, Backlit Keyboard, 1080p FaceTime HD Camera, Touch ID- Space Grey","1,74,900.",Previous page,,In stock
"Apple 2023 MacBook Pro (14-inch, M3 chip with 8‑core CPU and 10‑core GPU, 16GB Unified Memory, 1TB) - Silver","1,69,990.",Previous page,,Only 1 left in stock.
"Apple 2024 MacBook Air 15″ Laptop with M3 chip: 38.91 cm (15.3″) Liquid Retina Display, 8GB Unified Memory, 512GB SSD Storage, Backlit Keyboard, 1080p FaceTime HD Camera, Touch ID- Silver","1,34,990.",4.4 out of 5 stars,35 ratings,Only 1 left in stock.
"Apple 2023 MacBook Pro (14-inch, Apple M3 Max chip with 14‑core CPU and 30‑core GPU, 36GB Unified Memory, 1TB) - Space Black","2,89,900.",4.2 out of 5 stars,14 ratings,Only 1 left in stock.
"Apple 2023 MacBook Pro (16-inch, Apple M3 Pro chip with 12‑core CPU and 18‑core GPU, 36GB Unified Memory, 512GB) - Space Black","2,59,900.",4.9 out of 5 stars,4 ratings,In stock
"Apple 2024 MacBook Air (13-inch, Apple M3 chip with 8‑core CPU and 10‑core GPU, 24GB Unified Memory, 512GB) - Space Gray","1,54,900.",Previous page,,In stock
"Apple 2024 MacBook Air (13-inch, Apple M3 chip with 8‑core CPU and 10‑core GPU, 24GB Unified Memory, 512GB) - Starlight","1,54,900.",Previous page,,In stock
Apple EarPods (USB-C) ​​​​​​​,"1,549.",4.2 out of 5 stars,495 ratings,In stock
"Apple 2023 Mac Mini Desktop Computer with Apple M2 chip with 8‑core CPU and 10‑core GPU, 8GB Unified Memory, 256GB SSD Storage, Gigabit Ethernet. Works with iPhone/iPad","49,990.",4.7 out of 5 stars,222 ratings,In stock
"Apple iPad (10th Generation): with A14 Bionic chip, 27.69 cm (10.9″) Liquid Retina Display, 64GB, Wi-Fi 6, 12MP front/12MP Back Camera, Touch ID, All-Day Battery Life – Blue","33,900.",4.5 out of 5 stars,"2,257 ratings",In stock
"Apple iPad (10th Generation): with A14 Bionic chip, 27.69 cm (10.9″) Liquid Retina Display, 64GB, Wi-Fi 6, 12MP front/12MP Back Camera, Touch ID, All-Day Battery Life – Pink","33,999.",4.5 out of 5 stars,"2,257 ratings",In stock
Apple iPhone 13 (128GB) - Midnight,"45,490.",4.5 out of 5 stars,"31,475 ratings",In stock
Apple 35W Dual USB-C Port Power Adapter ​​​​​​​,"5,800.",5.0 out of 5 stars,9 ratings,In stock
Apple iPhone 13 (128GB) - Pink,"45,490.",4.5 out of 5 stars,"31,475 ratings",In stock
"Apple Magic Mouse (for Bluetooth-Enabled Mac with OS X 10.11 or Later, iPad with iPadOS 13.4 or Later)","6,799.",4.5 out of 5 stars,"1,085 ratings",In stock
"Apple 2024 Mac Mini Desktop Computer with M4 Pro chip with 12‑core CPU and 16‑core GPU: Built for Apple Intelligence, 24GB Unified Memory, 512GB SSD Storage, Gigabit Ethernet. Works with iPhone/iPad","1,49,900.",Previous page,,In stock
"Apple 2024 iMac All-in-One Desktop Computer with M4 chip with 8-core CPU and 8-core GPU: Built for Apple Intelligence, 60.96 cm (24″) Retina Display, 16GB Unified Memory, 256GB SSD Storage; Pink","1,34,900.",Previous page,,In stock
Apple iPhone 15 Pro Max (256 GB) - Black Titanium,"1,28,900.",4.3 out of 5 stars,76 ratings,In stock
"Apple 2023 Mac Mini Desktop Computer with Apple M2 Pro chip with 10‑core CPU and 16‑core GPU, 16GB Unified Memory, 512GB SSD Storage, Gigabit Ethernet. Works with iPhone/iPad","1,26,574.",4.7 out of 5 stars,104 ratings,In stock
"Apple 2024 iMac All-in-One Desktop Computer with M4 chip with 8-core CPU and 8-core GPU: Built for Apple Intelligence, 60.96 cm (24″) Retina Display, 16GB Unified Memory, 256GB SSD Storage; Blue","1,34,900.",Previous page,,Only 2 left in stock.
"Apple 2024 iMac All-in-One Desktop Computer with M4 chip with 10-core CPU and 10-core GPU: Built for Apple Intelligence, 60.96 cm (24″) Retina Display, 16GB Unified Memory, 256GB SSD Storage; Silver","1,54,900.",Previous page,,Only 1 left in stock.
"Apple iPad (10th Generation): with A14 Bionic chip, 27.69 cm (10.9″) Liquid Retina Display, 256GB, Wi-Fi 6, 12MP front/12MP Back Camera, Touch ID, All-Day Battery Life – Blue","49,900.",4.5 out of 5 stars,"2,257 ratings",In stock
Apple Magic Keyboard for iPad Pro 11-inch and iPad Air (4th Generation) - Black,"27,900.",4.6 out of 5 stars,497 ratings,In stock
"Apple iPad Mini (A17 Pro): Apple Intelligence, 21.08 cm (8.3″) Liquid Retina Display, 256GB, Wi-Fi 6E, 12MP Front/12MP Back Camera, Touch ID, All-Day Battery Life — Starlight","59,900.",2.7 out of 5 stars,7 ratings,In stock
"Apple 2024 iMac All-in-One Desktop Computer with M4 chip with 8-core CPU and 8-core GPU: Built for Apple Intelligence, 60.96 cm (24″) Retina Display, 16GB Unified Memory, 256GB SSD Storage; Silver","1,34,900.",Previous page,,In stock
"Apple 2023 iMac (24-inch, Apple M3 chip with 8‑core CPU and 8‑core GPU, 8GB Unified Memory, 256GB) - Blue","1,19,990.",4.2 out of 5 stars,4 ratings,In stock
"Apple 2024 iMac All-in-One Desktop Computer with M4 chip with 8-core CPU and 8-core GPU: Built for Apple Intelligence, 60.96 cm (24″) Retina Display, 16GB Unified Memory, 256GB SSD Storage; Green","1,34,900.",Previous page,,In stock
"Apple 2023 iMac (24-inch, Apple M3 chip with 8‑core CPU and 10‑core GPU, 8GB Unified Memory, 512GB) - Blue","1,54,990.",4.0 out of 5 stars,1 rating,In stock
"Apple 2023 iMac (24-inch, Apple M3 chip with 8‑core CPU and 10‑core GPU, 8GB Unified Memory, 512GB) - Green","1,54,990.",4.2 out of 5 stars,4 ratings,Only 1 left in stock.
"Apple 2023 iMac (24-inch, Apple M3 chip with 8‑core CPU and 10‑core GPU, 8GB Unified Memory, 256GB) - Silver","1,39,990.",5.0 out of 5 stars,3 ratings,In stock
"Apple iPad Mini (6th Generation): with A15 Bionic chip, 21.08 cm (8.3″) Liquid Retina Display, 64GB, Wi-Fi 6 + 5G Cellular, 12MP front/12MP Back Camera, Touch ID, All-Day Battery Life – Starlight","59,900.",4.6 out of 5 stars,617 ratings,In stock
"Apple Magic Trackpad (for Bluetooth-Enabled Mac with OS X 10.11 or Later, iPad with iPadOS 13.4 or Later)","10,384.",4.7 out of 5 stars,137 ratings,In stock
"Apple iPad Mini (6th Generation): with A15 Bionic chip, 21.08 cm (8.3″) Liquid Retina Display, 256GB, Wi-Fi 6, 12MP front/12MP Back Camera, Touch ID, All-Day Battery Life – Space Grey","54,900.",4.6 out of 5 stars,617 ratings,In stock
"Apple 2023 Mac Mini Desktop Computer with Apple M2 chip with 8‑core CPU and 10‑core GPU, 8GB Unified Memory, 512GB SSD Storage, Gigabit Ethernet. Works with iPhone/iPad","67,990.",4.6 out of 5 stars,36 ratings,In stock
"Apple 2023 iMac (24-inch, Apple M3 chip with 8‑core CPU and 8‑core GPU, 8GB Unified Memory, 256GB) - Silver","1,19,990.",4.2 out of 5 stars,4 ratings,In stock
"Apple iPad Mini (6th Generation): with A15 Bionic chip, 21.08 cm (8.3″) Liquid Retina Display, 256GB, Wi-Fi 6 + 5G Cellular, 12MP front/12MP Back Camera, Touch ID, All-Day Battery Life – Starlight","54,900.",4.6 out of 5 stars,617 ratings,In stock
"Apple iPad Mini (6th Generation): with A15 Bionic chip, 21.08 cm (8.3″) Liquid Retina Display, 256GB, Wi-Fi 6, 12MP front/12MP Back Camera, Touch ID, All-Day Battery Life – Pink","54,900.",4.6 out of 5 stars,617 ratings,In stock
"Apple iPad Air (5th Generation): with M1 chip, 27.69 cm (10.9″) Liquid Retina Display, 64GB, Wi-Fi 6 + 5G Cellular, 12MP front/12MP Back Camera, Touch ID, All-Day Battery Life – Space Gray","68,999.",4.3 out of 5 stars,41 ratings,In stock
"Apple iPad Mini (6th Generation): with A15 Bionic chip, 21.08 cm (8.3″) Liquid Retina Display, 256GB, Wi-Fi 6 + 5G Cellular, 12MP front/12MP Back Camera, Touch ID, All-Day Battery Life – Starlight","69,900.",4.6 out of 5 stars,617 ratings,In stock
"Apple 2023 iMac (24-inch, Apple M3 chip with 8‑core CPU and 8‑core GPU, 8GB Unified Memory, 256GB) - Silver","1,19,990.",4.2 out of 5 stars,4 ratings,In stock
New Apple AirTag 4 Pack,"10,900.",4.4 out of 5 stars,"115,021 ratings",In stock
Apple Magic Keyboard with Numeric Keypad - US English - Silver,"10,999.",4.7 out of 5 stars,208 ratings,In stock
Apple 85W MagSafe Power Adapter (for 15- and 17-inch MacBook Pro),"7,500.",3.5 out of 5 stars,19 ratings,In stock
"Apple 2020 iPad Air with A14 Bionic chip (10.9-inch/27.69 cm, Wi-Fi + Cellular, 64GB) - Sky Blue (4th Generation)","66,900.",4.7 out of 5 stars,"4,351 ratings",In stock
"Apple Magic Mouse (for Bluetooth-Enabled Mac with OS X 10.11 or Later, iPad with iPadOS 13.4 or Later)","7,500.",4.5 out of 5 stars,"1,085 ratings",Only 2 left in stock.
Apple iPhone 13 (256GB) - (Product) RED,"54,999.",4.5 out of 5 stars,"31,475 ratings",In stock
"Apple 2020 iPad Air with A14 Bionic chip (10.9-inch/27.69 cm, Wi-Fi, 64GB) - Green (4th Generation)","54,900.",4.7 out of 5 stars,"4,351 ratings",Only 1 left in stock.
Apple Magic Keyboard with Touch ID - US English - Silver (for Mac with Apple Silicon Running macOS 11.4 or Later),"14,500.",4.4 out of 5 stars,95 ratings,Only 1 left in stock.
"Apple iPad Mini (6th Generation): with A15 Bionic chip, 21.08 cm (8.3″) Liquid Retina Display, 64GB, Wi-Fi 6 + 5G Cellular, 12MP front/12MP Back Camera, Touch ID, All-Day Battery Life – Pink","59,900.",4.6 out of 5 stars,617 ratings,In stock
Apple USB-C Digital AV Multiport Adapter,"2,557.",4.4 out of 5 stars,"5,016 ratings",Not Available
